PROFILE.url,group,median,mean,n,outcome
https://www.instagram.com/Ivaany.h,AIVI,1.0,0.861,655,likes_per_comment
https://www.instagram.com/KDA_MUSIC,AIVI,0.0,1.614,8749,likes_per_comment
https://www.instagram.com/alizarexx,AIVI,1.0,1.338,880,likes_per_comment
https://www.instagram.com/amara_gram,AIVI,0.0,1.085,2412,likes_per_comment
https://www.instagram.com/bermudaisbae,AIVI,0.0,1.549,8964,likes_per_comment
https://www.instagram.com/dagny.gram,AIVI,0.0,1.127,819,likes_per_comment
https://www.instagram.com/darcymcqueeny/,HI,0.0,46.709,5954,likes_per_comment
https://www.instagram.com/ezmusgita,AIVI,0.0,0.636,560,likes_per_comment
https://www.instagram.com/fit_aitana/,AIVI,9.0,11.221,5567,likes_per_comment
https://www.instagram.com/growingannanas,HI,0.0,5.061,8405,likes_per_comment
https://www.instagram.com/haleyybaylee,HI,2.0,444.833,9689,likes_per_comment
https://www.instagram.com/iamnatalie/,HI,0.0,5.037,6123,likes_per_comment
https://www.instagram.com/iamsatiko_/,AIVI,0.0,0.228,675,likes_per_comment
https://www.instagram.com/imma.gram/,AIVI,1.0,2.01,2726,likes_per_comment
https://www.instagram.com/itsellastoller,AIVI,0.0,1.071,1425,likes_per_comment
https://www.instagram.com/jessvalortiz,HI,1.0,712.522,7607,likes_per_comment
https://www.instagram.com/lilaziyagil,AIVI,0.0,0.109,2249,likes_per_comment
https://www.instagram.com/lilmiquela/,AIVI,1.0,4.619,4919,likes_per_comment
https://www.instagram.com/madeleinecwhite,HI,0.0,102.399,6294,likes_per_comment
https://www.instagram.com/magazineluiza/,AIVI,0.0,2.273,4083,likes_per_comment
https://www.instagram.com/meicrosoft/,HI,1.0,137.516,10430,likes_per_comment
https://www.instagram.com/mia_irl,HI,1.0,0.703,1627,likes_per_comment
https://www.instagram.com/millasofiafin/,AIVI,5.0,5.623,2301,likes_per_comment
https://www.instagram.com/minnahigh/,HI,0.0,1.152,2589,likes_per_comment
https://www.instagram.com/naina_avtr,AIVI,1.0,4.07,7797,likes_per_comment
https://www.instagram.com/nikkiglamour/,HI,0.0,0.626,8505,likes_per_comment
https://www.instagram.com/opalslutuniverse,AIVI,1.0,1.211,1604,likes_per_comment
https://www.instagram.com/ria_ria_tokyo/,AIVI,1.0,0.753,1092,likes_per_comment
https://www.instagram.com/sasha_____she,AIVI,0.0,1.36,1002,likes_per_comment
https://www.instagram.com/shalicenoel/,HI,1.0,0.799,3063,likes_per_comment
https://www.instagram.com/shudu.gram,AIVI,1.0,1.553,6366,likes_per_comment
https://www.instagram.com/sofielund98,AIVI,2.0,3.112,5593,likes_per_comment
https://www.instagram.com/thalasya_,AIVI,0.0,1.766,5379,likes_per_comment
https://www.instagram.com/veronikarajek/,HI,2.0,6.303,10546,likes_per_comment
https://www.instagram.com/zoedvir/,AIVI,1.0,0.615,244,likes_per_comment
https://www.instagram.com/Ivaany.h,AIVI,322.5,311.922,100,likes_per_post
https://www.instagram.com/KDA_MUSIC,AIVI,124334.198,121661.511,100,likes_per_post
https://www.instagram.com/alizarexx,AIVI,869.5,1266.103,100,likes_per_post
https://www.instagram.com/amara_gram,AIVI,10144.0,10139.005,79,likes_per_post
https://www.instagram.com/bermudaisbae,AIVI,15695.5,20298.702,100,likes_per_post
https://www.instagram.com/dagny.gram,AIVI,239.0,1598.726,49,likes_per_post
https://www.instagram.com/darcymcqueeny/,HI,86404.0,103926.88,100,likes_per_post
https://www.instagram.com/ezmusgita,AIVI,1694.424,1541.943,62,likes_per_post
https://www.instagram.com/fit_aitana/,AIVI,11113.0,12326.563,71,likes_per_post
https://www.instagram.com/growingannanas,HI,18226.0,29175.96,100,likes_per_post
https://www.instagram.com/haleyybaylee,HI,127406.5,204844.72,100,likes_per_post
https://www.instagram.com/iamnatalie/,HI,1181.5,5829.251,100,likes_per_post
https://www.instagram.com/iamsatiko_/,AIVI,241.134,235.624,31,likes_per_post
https://www.instagram.com/imma.gram/,AIVI,8831.899,8705.775,100,likes_per_post
https://www.instagram.com/itsellastoller,AIVI,470.5,717.111,92,likes_per_post
https://www.instagram.com/jessvalortiz,HI,48831.0,165833.346,98,likes_per_post
https://www.instagram.com/lilaziyagil,AIVI,814.0,714.688,100,likes_per_post
https://www.instagram.com/lilmiquela/,AIVI,41954.979,42293.782,81,likes_per_post
https://www.instagram.com/madeleinecwhite,HI,86993.0,148543.44,100,likes_per_post
https://www.instagram.com/magazineluiza/,AIVI,863.0,6460.79,95,likes_per_post
https://www.instagram.com/meicrosoft/,HI,190077.0,365126.59,100,likes_per_post
https://www.instagram.com/mia_irl,HI,306.5,405.943,56,likes_per_post
https://www.instagram.com/millasofiafin/,AIVI,4719.0,5139.522,23,likes_per_post
https://www.instagram.com/minnahigh/,HI,6408.0,15294.224,94,likes_per_post
https://www.instagram.com/naina_avtr,AIVI,12806.0,23865.43,100,likes_per_post
https://www.instagram.com/nikkiglamour/,HI,13209.0,13058.615,100,likes_per_post
https://www.instagram.com/opalslutuniverse,AIVI,1513.5,1755.695,60,likes_per_post
https://www.instagram.com/ria_ria_tokyo/,AIVI,1580.0,1736.459,85,likes_per_post
https://www.instagram.com/sasha_____she,AIVI,677.0,762.601,100,likes_per_post
https://www.instagram.com/shalicenoel/,HI,1183.545,1214.161,100,likes_per_post
https://www.instagram.com/shudu.gram,AIVI,7496.0,8693.505,99,likes_per_post
https://www.instagram.com/sofielund98,AIVI,1603.0,2112.81,100,likes_per_post
https://www.instagram.com/thalasya_,AIVI,8794.5,9678.906,100,likes_per_post
https://www.instagram.com/veronikarajek/,HI,206779.947,209001.35,91,likes_per_post
https://www.instagram.com/zoedvir/,AIVI,212.0,222.326,43,likes_per_post
https://www.instagram.com/Ivaany.h,AIVI,9.0,13.481,647,comment_length
https://www.instagram.com/KDA_MUSIC,AIVI,18.0,29.781,8733,comment_length
https://www.instagram.com/alizarexx,AIVI,12.0,25.751,877,comment_length
https://www.instagram.com/amara_gram,AIVI,11.0,21.866,2409,comment_length
https://www.instagram.com/bermudaisbae,AIVI,17.0,23.943,8958,comment_length
https://www.instagram.com/dagny.gram,AIVI,12.0,20.229,818,comment_length
https://www.instagram.com/darcymcqueeny/,HI,17.0,28.535,5867,comment_length
https://www.instagram.com/ezmusgita,AIVI,9.0,19.487,552,comment_length
https://www.instagram.com/fit_aitana/,AIVI,12.0,19.584,5519,comment_length
https://www.instagram.com/growingannanas,HI,20.0,38.988,8380,comment_length
https://www.instagram.com/haleyybaylee,HI,24.0,34.641,9325,comment_length
https://www.instagram.com/iamnatalie/,HI,10.0,34.379,6116,comment_length
https://www.instagram.com/iamsatiko_/,AIVI,7.0,11.329,675,comment_length
https://www.instagram.com/imma.gram/,AIVI,10.0,19.248,2678,comment_length
https://www.instagram.com/itsellastoller,AIVI,11.0,19.885,1403,comment_length
https://www.instagram.com/jessvalortiz,HI,29.0,45.39,7435,comment_length
https://www.instagram.com/lilaziyagil,AIVI,29.0,30.959,2222,comment_length
https://www.instagram.com/lilmiquela/,AIVI,16.0,27.494,4822,comment_length
https://www.instagram.com/madeleinecwhite,HI,19.0,31.666,6262,comment_length
https://www.instagram.com/magazineluiza/,AIVI,21.0,47.608,4061,comment_length
https://www.instagram.com/meicrosoft/,HI,20.0,32.874,10278,comment_length
https://www.instagram.com/mia_irl,HI,26.0,44.442,1627,comment_length
https://www.instagram.com/millasofiafin/,AIVI,15.0,23.516,2234,comment_length
https://www.instagram.com/minnahigh/,HI,8.0,15.05,2585,comment_length
https://www.instagram.com/naina_avtr,AIVI,15.0,22.095,7719,comment_length
https://www.instagram.com/nikkiglamour/,HI,23.0,38.789,8503,comment_length
https://www.instagram.com/opalslutuniverse,AIVI,18.0,26.335,1604,comment_length
https://www.instagram.com/ria_ria_tokyo/,AIVI,11.0,18.881,1092,comment_length
https://www.instagram.com/sasha_____she,AIVI,20.0,36.213,998,comment_length
https://www.instagram.com/shalicenoel/,HI,11.0,22.298,3063,comment_length
https://www.instagram.com/shudu.gram,AIVI,11.0,21.098,6359,comment_length
https://www.instagram.com/sofielund98,AIVI,12.0,20.332,5492,comment_length
https://www.instagram.com/thalasya_,AIVI,20.0,27.849,5379,comment_length
https://www.instagram.com/veronikarajek/,HI,12.0,23.202,10435,comment_length
https://www.instagram.com/zoedvir/,AIVI,10.0,19.235,243,comment_length
